-- ===============================
-- 银行测试数据插入SQL语句
-- ===============================
USE MY_BANK_TEST;

-- 1. 插入客户数据 (CUSTOMERS)
INSERT INTO CUSTOMERS (keycloak_id, first_name, last_name, date_of_birth, address, city, state, zip_code, phone_number, email, password_hash) VALUES
('KC001', '张', '伟', '1985-03-15', '北京市朝阳区建国门外大街1号', '北京', '北京市', '100020', '13800138001', 'zhangwei@email.com', '$2b$10$abcdefghijklmnopqrstuvwxyz123456'),
('KC002', '李', '娜', '1990-07-22', '上海市浦东新区陆家嘴环路500号', '上海', '上海市', '200120', '13800138002', 'lina@email.com', '$2b$10$bcdefghijklmnopqrstuvwxyz1234567'),
('KC003', '王', '强', '1988-11-08', '广州市天河区珠江新城花城大道85号', '广州', '广东省', '510623', '13800138003', 'wangqiang@email.com', '$2b$10$cdefghijklmnopqrstuvwxyz12345678'),
('KC004', '刘', '芳', '1992-05-30', '深圳市南山区深南大道10000号', '深圳', '广东省', '518053', '13800138004', 'liufang@email.com', '$2b$10$defghijklmnopqrstuvwxyz123456789'),
('KC005', '陈', '明', '1987-09-12', '杭州市西湖区文三路259号', '杭州', '浙江省', '310012', '13800138005', 'chenming@email.com', '$2b$10$efghijklmnopqrstuvwxyz1234567890'),
('KC006', '赵', '丽', '1995-02-18', '成都市锦江区天府广场88号', '成都', '四川省', '610016', '13800138006', 'zhaoli@email.com', '$2b$10$fghijklmnopqrstuvwxyz12345678901'),
('KC007', '孙', '勇', '1983-12-25', '武汉市汉口区解放大道688号', '武汉', '湖北省', '430022', '13800138007', 'sunyong@email.com', '$2b$10$ghijklmnopqrstuvwxyz123456789012');

-- 2. 插入账户类型数据 (ACCOUNT_TYPES)
INSERT INTO ACCOUNT_TYPES (name, description, interest_rate) VALUES
('储蓄账户', '个人储蓄账户，可存取现金，享受利息收益', 2.25),
('支票账户', '支票账户，用于日常消费和转账', 0.50),
('定期存款', '定期存款账户，固定期限，高利息收益', 3.50),
('企业账户', '企业对公账户，用于企业资金管理', 1.75),
('理财账户', '理财产品专用账户，投资各类金融产品', 4.20),
('外币账户', '外币存储账户，支持多币种', 1.80);

-- 3. 插入账户数据 (ACCOUNTS)
INSERT INTO ACCOUNTS (customer_id, account_type_id, account_number, balance, opening_date, status, notes) VALUES
(1, 1, '6214000100000001', 15000.0000, '2023-01-15', 'Active', '张伟的储蓄账户'),
(1, 2, '6214000100000002', 3500.0000, '2023-01-15', 'Active', '张伟的支票账户'),
(2, 1, '6214000100000003', 28000.0000, '2023-02-20', 'Active', '李娜的储蓄账户'),
(2, 3, '6214000100000004', 100000.0000, '2023-02-20', 'Active', '李娜的定期存款'),
(3, 2, '6214000100000005', 8500.0000, '2023-03-10', 'Active', '王强的支票账户'),
(3, 5, '6214000100000006', 50000.0000, '2023-03-10', 'Active', '王强的理财账户'),
(4, 1, '6214000100000007', 12000.0000, '2023-04-05', 'Active', '刘芳的储蓄账户'),
(5, 4, '6214000100000008', 200000.0000, '2023-05-12', 'Active', '陈明的企业账户'),
(6, 6, '6214000100000009', 35000.0000, '2023-06-18', 'Active', '赵丽的外币账户'),
(7, 1, '6214000100000010', 22000.0000, '2023-07-25', 'Active', '孙勇的储蓄账户');

-- 4. 插入账户申请数据 (ACCOUNT_APPLICATIONS)
INSERT INTO ACCOUNT_APPLICATIONS (customer_id, account_type_id, status, initial_deposit, purpose, source_of_funds, approved_by, approval_date, notes) VALUES
(1, 1, 'Approved', 10000.0000, '个人储蓄', '工资收入', '王经理', '2023-01-10', '首次开户'),
(2, 3, 'Approved', 100000.0000, '定期储蓄', '投资收益', '李经理', '2023-02-15', '大额定期存款'),
(3, 5, 'Approved', 50000.0000, '投资理财', '股票收益', '张经理', '2023-03-05', '理财产品投资'),
(4, 1, 'Pending', 5000.0000, '日常储蓄', '工资收入', NULL, NULL, '等待审核'),
(5, 4, 'Approved', 200000.0000, '企业经营', '公司资金', '陈经理', '2023-05-10', '企业对公账户'),
(6, 6, 'Approved', 20000.0000, '外币储蓄', '海外收入', '赵经理', '2023-06-15', '美元账户'),
(7, 2, 'Rejected', 1000.0000, '日常消费', '兼职收入', '孙经理', '2023-07-20', '收入证明不足');

-- 5. 插入交易数据 (TRANSACTIONS)
INSERT INTO TRANSACTIONS (account_id, amount, transaction_type, description, reference_number, receiving_account_id, transaction_status) VALUES
(1, 5000.0000, 'Deposit', '工资入账', 'DEP20230115001', NULL, 'Completed'),
(1, -200.0000, 'Withdrawal', 'ATM取现', 'WTH20230116001', NULL, 'Completed'),
(2, 2000.0000, 'Transfer', '从储蓄转入', 'TRF20230117001', 1, 'Completed'),
(3, 8000.0000, 'Deposit', '奖金入账', 'DEP20230220001', NULL, 'Completed'),
(3, -500.0000, 'Payment', '信用卡还款', 'PAY20230221001', NULL, 'Completed'),
(5, 1500.0000, 'Deposit', '转账收入', 'DEP20230310001', NULL, 'Completed'),
(5, -800.0000, 'Withdrawal', '现金提取', 'WTH20230311001', NULL, 'Completed'),
(7, 3000.0000, 'Deposit', '理财收益', 'DEP20230405001', NULL, 'Completed'),
(8, 50000.0000, 'Deposit', '企业收入', 'DEP20230512001', NULL, 'Completed'),
(10, 5000.0000, 'Transfer', '客户付款', 'TRF20230725001', 8, 'Completed');

-- 6. 插入卡片类型数据 (CARD_TYPES)
INSERT INTO CARD_TYPES (name, description, default_limit) VALUES
('借记卡', '与银行账户直接关联的借记卡', 10000.0000),
('信用卡标准版', '标准信用卡，享受基础权益', 20000.0000),
('信用卡金卡', '金卡级别信用卡，享受更多权益', 50000.0000),
('信用卡白金卡', '白金卡级别，高端客户专享', 100000.0000),
('企业卡', '企业专用信用卡', 200000.0000),
('学生卡', '学生专用信用卡，额度较低', 5000.0000);

-- 7. 插入卡片数据 (CARDS)
INSERT INTO CARDS (account_id, customer_id, card_type_id, card_number, cardholder_name, expiry_date, cvv, limit_amount, status_name, billing_address, billing_city, billing_state, billing_zip, issue_date) VALUES
(1, 1, 1, '6214000100000011', '张伟', '2026-01-31', '123', 10000.0000, 'Active', '北京市朝阳区建国门外大街1号', '北京', '北京市', '100020', '2023-01-15'),
(2, 1, 2, '5428000100000001', '张伟', '2027-01-31', '456', 20000.0000, 'Active', '北京市朝阳区建国门外大街1号', '北京', '北京市', '100020', '2023-01-20'),
(3, 2, 1, '6214000100000012', '李娜', '2026-02-28', '789', 10000.0000, 'Active', '上海市浦东新区陆家嘴环路500号', '上海', '上海市', '200120', '2023-02-20'),
(5, 3, 3, '5428000100000002', '王强', '2027-03-31', '234', 50000.0000, 'Active', '广州市天河区珠江新城花城大道85号', '广州', '广东省', '510623', '2023-03-15'),
(7, 4, 2, '5428000100000003', '刘芳', '2026-04-30', '567', 20000.0000, 'Active', '深圳市南山区深南大道10000号', '深圳', '广东省', '518053', '2023-04-10'),
(8, 5, 5, '5428000100000004', '陈明', '2027-05-31', '890', 200000.0000, 'Active', '杭州市西湖区文三路259号', '杭州', '浙江省', '310012', '2023-05-15'),
(10, 7, 4, '5428000100000005', '孙勇', '2028-07-31', '345', 100000.0000, 'Active', '武汉市汉口区解放大道688号', '武汉', '湖北省', '430022', '2023-07-30');

-- 8. 插入卡片交易数据 (CARD_TRANSACTIONS)
INSERT INTO CARD_TRANSACTIONS (card_id, amount, merchant_name, merchant_category, transaction_location, transaction_date, transaction_type, status) VALUES
(1, -150.0000, '华联超市', '超市购物', '北京市朝阳区', '2023-08-01 14:30:00', 'Purchase', 'Completed'),
(1, -85.0000, '中石化加油站', '加油', '北京市海淀区', '2023-08-02 09:15:00', 'Purchase', 'Completed'),
(2, -1200.0000, '苹果专卖店', '电子产品', '北京市西城区', '2023-08-03 16:45:00', 'Purchase', 'Completed'),
(3, -280.0000, '星巴克咖啡', '餐饮', '上海市浦东新区', '2023-08-04 11:20:00', 'Purchase', 'Completed'),
(4, -3500.0000, '携程旅行', '旅游', '广州市天河区', '2023-08-05 19:30:00', 'Purchase', 'Completed'),
(5, -450.0000, '海底捞火锅', '餐饮', '深圳市福田区', '2023-08-06 20:00:00', 'Purchase', 'Completed'),
(6, -8800.0000, '办公用品采购', '办公用品', '杭州市西湖区', '2023-08-07 10:00:00', 'Purchase', 'Completed'),
(7, -2200.0000, '万达影城', '娱乐', '武汉市江汉区', '2023-08-08 21:15:00', 'Purchase', 'Completed');

-- 9. 插入卡片申请数据 (CARD_APPLICATIONS)
INSERT INTO CARD_APPLICATIONS (customer_id, card_type_id, status, credit_score, income, employment_status, years_at_current_job, requested_credit_limit, approved_credit_limit, processing_officer_id, approval_date, notes) VALUES
(1, 2, 'Approved', 750, 8000.0000, '全职', 3, 25000.0000, 20000.0000, 101, '2023-01-18', '信用记录良好'),
(2, 1, 'Approved', 720, 6500.0000, '全职', 2, 15000.0000, 10000.0000, 102, '2023-02-18', '首次申请借记卡'),
(3, 3, 'Approved', 800, 12000.0000, '全职', 5, 60000.0000, 50000.0000, 103, '2023-03-12', '高级客户金卡'),
(4, 2, 'Approved', 680, 5500.0000, '全职', 1, 20000.0000, 15000.0000, 104, '2023-04-08', '年轻客户标准卡'),
(5, 5, 'Approved', 780, 15000.0000, '企业主', 8, 250000.0000, 200000.0000, 105, '2023-05-10', '企业高管专用卡'),
(6, 6, 'Pending', 650, 3000.0000, '学生', 0, 8000.0000, NULL, 106, NULL, '学生身份验证中'),
(7, 4, 'Approved', 820, 18000.0000, '全职', 10, 120000.0000, 100000.0000, 107, '2023-07-28', '白金卡客户');

-- 10. 插入贷款类型数据 (LOAN_TYPES)
INSERT INTO LOAN_TYPES (name, description, min_interest_rate, max_interest_rate, min_term, max_term, minimum_amount, maximum_amount) VALUES
('个人消费贷款', '用于个人消费的无抵押贷款', 8.50, 15.50, 6, 60, 5000.0000, 300000.0000),
('房屋抵押贷款', '以房产作为抵押的长期贷款', 4.50, 6.50, 120, 360, 100000.0000, 5000000.0000),
('汽车贷款', '购买汽车的专项贷款', 5.50, 9.50, 12, 60, 50000.0000, 1000000.0000),
('企业经营贷款', '企业日常经营资金贷款', 6.00, 12.00, 12, 120, 100000.0000, 10000000.0000),
('装修贷款', '房屋装修专项贷款', 7.00, 12.00, 6, 60, 20000.0000, 500000.0000),
('教育贷款', '用于教育支出的专项贷款', 6.50, 10.50, 12, 120, 10000.0000, 800000.0000);

-- 11. 插入贷款数据 (LOANS)
INSERT INTO LOANS (customer_id, loan_type_id, principal_amount, outstanding_amount, interest_rate, term_months, start_date, end_date, monthly_payment, status, loan_officer_id) VALUES
(1, 1, 80000.0000, 65000.0000, 10.50, 36, '2023-03-01', '2026-03-01', 2580.0000, 'Active', 201),
(2, 2, 800000.0000, 750000.0000, 5.50, 240, '2023-01-15', '2043-01-15', 5200.0000, 'Active', 202),
(3, 3, 200000.0000, 180000.0000, 7.50, 48, '2023-04-10', '2027-04-10', 4850.0000, 'Active', 203),
(4, 5, 150000.0000, 130000.0000, 9.00, 60, '2023-02-20', '2028-02-20', 3100.0000, 'Active', 204),
(5, 4, 500000.0000, 480000.0000, 8.00, 60, '2023-05-01', '2028-05-01', 10150.0000, 'Active', 205),
(6, 6, 120000.0000, 100000.0000, 8.50, 72, '2023-06-15', '2029-06-15', 1980.0000, 'Active', 206),
(7, 1, 60000.0000, 45000.0000, 11.00, 24, '2023-08-01', '2025-08-01', 2850.0000, 'Active', 207);

-- 12. 插入贷款申请数据 (LOAN_APPLICATIONS)
INSERT INTO LOAN_APPLICATIONS (customer_id, loan_type_id, requested_amount, requested_term, purpose, status, credit_score, monthly_income, monthly_expenses, loan_officer_id, loan_id) VALUES
(1, 1, 80000.0000, 36, '家庭装修', 'Approved', 750, 8000.0000, 4000.0000, 201, 1),
(2, 2, 800000.0000, 240, '购买住房', 'Approved', 780, 15000.0000, 6000.0000, 202, 2),
(3, 3, 200000.0000, 48, '购买汽车', 'Approved', 720, 10000.0000, 5500.0000, 203, 3),
(4, 5, 150000.0000, 60, '房屋装修', 'Approved', 680, 6500.0000, 3500.0000, 204, 4),
(5, 4, 500000.0000, 60, '企业扩张', 'Approved', 800, 25000.0000, 8000.0000, 205, 5),
(6, 6, 120000.0000, 72, '出国留学', 'Approved', 700, 4500.0000, 2000.0000, 206, 6),
(7, 1, 60000.0000, 24, '个人消费', 'Approved', 650, 7000.0000, 4500.0000, 207, 7),
(1, 3, 150000.0000, 36, '购买汽车', 'Pending', 750, 8000.0000, 4000.0000, 208, NULL);

-- 13. 插入贷款还款数据 (LOAN_PAYMENTS)
INSERT INTO LOAN_PAYMENTS (loan_id, amount, principal_component, interest_component, fees, payment_date, due_date, payment_method, status, reference_number) VALUES
(1, 2580.0000, 1880.0000, 700.0000, 0.0000, '2023-04-01 10:00:00', '2023-04-01', '银行转账', 'Completed', 'LP20230401001'),
(1, 2580.0000, 1895.0000, 685.0000, 0.0000, '2023-05-01 10:00:00', '2023-05-01', '银行转账', 'Completed', 'LP20230501001'),
(2, 5200.0000, 1533.0000, 3667.0000, 0.0000, '2023-02-15 09:00:00', '2023-02-15', '自动扣款', 'Completed', 'LP20230215001'),
(2, 5200.0000, 1540.0000, 3660.0000, 0.0000, '2023-03-15 09:00:00', '2023-03-15', '自动扣款', 'Completed', 'LP20230315001'),
(3, 4850.0000, 3600.0000, 1250.0000, 0.0000, '2023-05-10 14:00:00', '2023-05-10', '网上银行', 'Completed', 'LP20230510001'),
(4, 3100.0000, 2000.0000, 1100.0000, 0.0000, '2023-03-20 11:00:00', '2023-03-20', '银行转账', 'Completed', 'LP20230320001'),
(5, 10150.0000, 6833.0000, 3317.0000, 0.0000, '2023-06-01 08:00:00', '2023-06-01', '银行转账', 'Completed', 'LP20230601001'),
(6, 1980.0000, 1130.0000, 850.0000, 0.0000, '2023-07-15 16:00:00', '2023-07-15', '支付宝', 'Completed', 'LP20230715001'),
(7, 2850.0000, 2433.0000, 417.0000, 0.0000, '2023-09-01 12:00:00', '2023-09-01', '微信支付', 'Completed', 'LP20230901001');